{"accuracy": [0.02985553815960884, 0.044622793793678284, 0.0545746386051178, 0.08860353380441666, 0.11428571492433548, 0.14799357950687408, 0.19486355781555176, 0.25008025765419006, 0.3085072338581085, 0.351845920085907, 0.41027286648750305, 0.4500802457332611, 0.5043338537216187, 0.5399678945541382, 0.5547351241111755, 0.5800963044166565, 0.6218298673629761, 0.6308186054229736, 0.6683788299560547, 0.6863563656806946, 0.7030497789382935, 0.7062600255012512, 0.7094703316688538, 0.7338683605194092, 0.7447832822799683, 0.7399678826332092, 0.7576243877410889, 0.7762439846992493, 0.7906901836395264, 0.780738353729248, 0.773354709148407, 0.7980738282203674], "loss": [6.287806034088135, 3.561927556991577, 3.513523578643799, 3.418161630630493, 3.3182010650634766, 3.1846063137054443, 3.0123555660247803, 2.808610439300537, 2.5677413940429688, 2.3963727951049805, 2.167328357696533, 1.9804489612579346, 1.837626338005066, 1.6802937984466553, 1.6233254671096802, 1.5420602560043335, 1.369984745979309, 1.3434103727340698, 1.2069567441940308, 1.1498594284057617, 1.1031947135925293, 1.061466097831726, 1.0419975519180298, 0.9566454887390137, 0.9360745549201965, 0.975773274898529, 0.8950596451759338, 0.8345460295677185, 0.7386516332626343, 0.7939220070838928, 0.8242599964141846, 0.7480066418647766], "val_accuracy": [0.03703703731298447, 0.12820513546466827, 0.1310541331768036, 0.21367521584033966, 0.2450142502784729, 0.32478633522987366, 0.34472933411598206, 0.3988603949546814, 0.5356125235557556, 0.5783475637435913, 0.5783475637435913, 0.6381766200065613, 0.6552706360816956, 0.6951566934585571, 0.6980056762695312, 0.7264957427978516, 0.6780626773834229, 0.7150996923446655, 0.7236467003822327, 0.7378917336463928, 0.7663817405700684, 0.7749287486076355, 0.7920227646827698, 0.7863247990608215, 0.7663817405700684, 0.7806267738342285, 0.8062677979469299, 0.8233618140220642, 0.8148148059844971, 0.8205128312110901, 0.8376068472862244, 0.8376068472862244], "val_loss": [3.5805158615112305, 3.433772087097168, 3.4043872356414795, 3.2180728912353516, 3.065697431564331, 2.8189382553100586, 2.677671194076538, 2.4889369010925293, 1.9326997995376587, 1.8786078691482544, 1.826165795326233, 1.5698031187057495, 1.4450815916061401, 1.283873200416565, 1.3127892017364502, 1.1955729722976685, 1.3302286863327026, 1.1801717281341553, 1.1610417366027832, 1.1230816841125488, 1.082848072052002, 1.0065871477127075, 1.0047447681427002, 1.0762532949447632, 1.1376630067825317, 1.1111098527908325, 0.9253824353218079, 0.9128402471542358, 0.9665919542312622, 0.9198471903800964, 0.9113534688949585, 0.9607246518135071]}