{"accuracy": [0.11781701445579529, 0.23916533589363098, 0.32552167773246765, 0.36211878061294556, 0.40963080525398254, 0.4452648460865021, 0.5049759149551392, 0.5187801122665405, 0.5499197244644165, 0.5983948707580566, 0.6099518537521362, 0.6288924813270569, 0.6869983673095703, 0.7040128707885742, 0.7187801003456116, 0.74093097448349, 0.7717496156692505, 0.7858747839927673, 0.7983948588371277, 0.8227929472923279, 0.8343499302864075, 0.8401284217834473, 0.8471910357475281, 0.8818619847297668, 0.8667736649513245, 0.8825039863586426, 0.8805778622627258, 0.8825039863586426, 0.9117174744606018, 0.8991974592208862, 0.9178169965744019, 0.9152488112449646], "loss": [3.271624803543091, 2.6180200576782227, 2.277036190032959, 2.12066912651062, 1.931084156036377, 1.7915958166122437, 1.6436424255371094, 1.5412391424179077, 1.4373445510864258, 1.3010103702545166, 1.2239487171173096, 1.1362297534942627, 0.9957007765769958, 0.939266562461853, 0.8744312524795532, 0.7908074855804443, 0.6935411095619202, 0.6684324145317078, 0.6113147735595703, 0.5452967882156372, 0.5096214413642883, 0.47632795572280884, 0.46838614344596863, 0.37145760655403137, 0.39384520053863525, 0.3644551634788513, 0.3714720606803894, 0.34714648127555847, 0.2769080698490143, 0.30541831254959106, 0.2536984384059906, 0.26481881737709045], "val_accuracy": [0.17378917336463928, 0.2905983030796051, 0.32478633522987366, 0.5156695246696472, 0.561253547668457, 0.6552706360816956, 0.7150996923446655, 0.680911660194397, 0.7663817405700684, 0.7863247990608215, 0.809116780757904, 0.8034188151359558, 0.8632478713989258, 0.8831908702850342, 0.8860399127006531, 0.9059829115867615, 0.8660968542098999, 0.9173789024353027, 0.9373219609260559, 0.8717948794364929, 0.9002848863601685, 0.9116809368133545, 0.9544159770011902, 0.9373219609260559, 0.9173789024353027, 0.9316239356994629, 0.945868968963623, 0.94017094373703, 0.94017094373703, 0.9544159770011902, 0.9430199265480042, 0.9259259104728699], "val_loss": [2.912097454071045, 2.22257137298584, 2.45219087600708, 1.545153021812439, 1.3213460445404053, 1.1574467420578003, 0.9466275572776794, 1.0718109607696533, 0.7759175300598145, 0.7987714409828186, 0.6815738081932068, 0.6448351740837097, 0.5240826606750488, 0.3853932023048401, 0.43475818634033203, 0.3654346466064453, 0.5006370544433594, 0.3364589810371399, 0.2741483449935913, 0.3784686028957367, 0.36009252071380615, 0.3023640811443329, 0.19238339364528656, 0.253446102142334, 0.3414025604724884, 0.2550502419471741, 0.18765467405319214, 0.21948537230491638, 0.22660940885543823, 0.13162057101726532, 0.24076753854751587, 0.22906863689422607]}